x,y
-0.2558802884476004,0.10215467675182796
-0.2260961647831047,-0.36991798522519503
-0.9300181903227674,-0.8719957207109361
1.1119173809863208,1.1440219152646183
1.0368790788896665,0.9788448997107879
0.39476963461375775,0.42701170394804544
-1.6660625253119432,-0.8196994389907124
0.5063848458947204,0.7043986996129427
-1.6913645518484226,-2.3994245118441
-0.8896153448069297,-0.9926058412854846
0.3054459918324407,0.21680975515840137
0.520974898420902,0.03143906881202546
0.3087031492108811,0.4834552054842309
-0.6611373475321424,0.5016083123745315
0.5566093558674555,1.163490627481369
-0.6203329144828438,-0.9399758693211389
-0.34404667916316806,-0.33909014225366085
0.6320787450321489,0.6547193481675344
-0.44735489523216543,-0.9320313043831553
-0.5205903100665388,0.3160805408867111
-0.8079464283078355,-0.49950189425662334
0.4265189746741636,-0.5526307011773377
0.048474357805962036,0.8225256461290125
-2.014363824710263,-1.8044473704076127
-0.10613916862568372,-0.5752675163627554
0.49739001119925413,0.36054407199963007
-1.4646566571540556,-0.675017798628456
0.669335689821001,1.1029736273012491
1.440597413192603,1.3698241327630873
0.1192741503501188,-0.6840815305586547
0.6154432127149754,0.12529921840575148
-0.4527018996188372,-1.1210341842758635
-0.9676143272108394,-1.092764117338193
1.288837543075987,-0.1880051940084153
-1.4577055535788668,-1.0225537850383908
1.443349754156496,1.5017779735500856
-1.899943276931952,-3.0308955195643046
0.35739721571102645,-0.1558393912730498
-1.119786573527076,-0.30940651396992325
1.101786204180404,0.9757800916074151
0.2457765102792436,0.45723889412267416
1.594004056931279,1.6466204074982542
0.5186495389757707,0.7435621753593551
-1.5683105225549592,-0.48560830700151336
0.955102083496128,1.0818558998767176
-1.97387543553663,-1.959308363781106
0.842303593847481,-0.41288567643481033
-0.1840222293260406,0.46449881965054307
-1.3111886130114665,-0.08288717138424895
0.5519639717948621,0.35148792666801865
0.3248668210047183,0.649792051670866
0.12039372620354538,0.7837111224776132
-0.6615445657523961,-0.7780773461379225
1.0416845530735936,0.849427007387241
-0.8804640811194406,-0.13649810559962583
1.4654975743027467,0.9055024083487493
-1.379993187160495,-1.1848434707442639
-0.1490188036402389,-0.29801483269233925
1.4047703035775652,0.5076543585125757
1.2605866448383238,0.24747612842648758
-0.7870394671827289,-0.25071880640727906
1.128690305549404,1.418353654591647
0.3452247461920301,0.3615935997252776
0.15248179045684337,0.4671535948658996
-0.17619745775629098,0.02550363190334562
0.5727265336329771,0.45868491279062573
0.7639823885379302,0.9507127883145507
2.0106321963650546,1.8034713391556765
-0.4275929519432337,-0.5656050911023093
-0.013105597765684358,0.5437862844423632
-0.3365636884977564,-0.03775535556389739
1.8373012776494662,-0.06896666240878702
-1.1239085853390323,-0.7527886581292453
0.39833539441746396,0.46181231285061286
-0.43115149906475186,0.048166516745684396
0.2821300659532711,-0.08752675020142392
2.4300538751667524,2.157122817564339
-0.5542289707468753,-0.5030523079036324
-0.22559529002503245,-0.2181211599846043
-2.7280853409502006,-2.4746076906866574
1.0085695080504102,0.10571824776434124
-0.06670019084833684,0.5187430715900168
0.8561767658598077,1.5795726106686363
-1.7014133444479123,-1.573156279616658
-0.3409499885992652,0.10121391668590374
1.0917875038700675,-0.7362677393733383
1.0886792902698061,0.0024173788582528832
0.6831498761023059,-0.3487631411407339
0.1758527333971162,0.8574749529231971
-0.14931961088595433,-0.004793834019654525
0.7971236448445002,0.7225252329639275
-0.08848138185253349,0.8491685301944208
1.0484707258760626,0.6624875450068372
2.745325222713014,1.5081567515798244
0.9146091156866576,0.5722585461622728
0.13236571689072277,0.5288959444121195
0.22222213219388434,0.5609648903523563
-1.5273253626636443,-2.127566939403899
0.614942589651404,-0.08594102555848748
-1.0266482477157042,-1.7034022305355572
